arm,threshold,dice_v1,dice_v2,dice_v3,dice_v4,area_case_mean
tgtA,0.001000,0.807042,0.714009,0.577208,0.494609,292.725593
tgtA,0.002000,0.828486,0.742687,0.603253,0.517812,266.716126
tgtA,0.005000,0.847325,0.771929,0.630513,0.542170,241.453308
tgtA,0.010000,0.855989,0.788941,0.646812,0.556791,227.430650
tgtA,0.020000,0.861125,0.801953,0.659898,0.568680,217.033157
tgtA,0.030000,0.863140,0.808409,0.666484,0.574671,212.186825
tgtA,0.050000,0.864888,0.815601,0.673977,0.581562,206.983345
tgtA,0.075000,0.865694,0.820455,0.679282,0.586565,203.439807
tgtA,0.100000,0.865911,0.823607,0.682790,0.589915,201.140428
tgtA,0.150000,0.866041,0.827937,0.687581,0.594403,198.131513
tgtA,0.200000,0.866057,0.830895,0.690953,0.597467,196.121336
tgtA,0.250000,0.866017,0.833250,0.693666,0.600103,194.546266
tgtA,0.300000,0.865784,0.835128,0.695857,0.602231,193.278047
tgtA,0.350000,0.865678,0.836939,0.697979,0.604181,192.143424
tgtA,0.400000,0.865329,0.838363,0.699753,0.605844,191.153347
tgtA,0.450000,0.865102,0.839681,0.701332,0.607427,190.229573
tgtA,0.500000,0.864786,0.841050,0.702965,0.608968,189.316328
tgtA,0.550000,0.864519,0.842451,0.704576,0.610527,188.387415
tgtA,0.600000,0.864258,0.843738,0.706268,0.612173,187.456905
tgtA,0.650000,0.863787,0.845078,0.707975,0.613865,186.518230
tgtA,0.700000,0.863268,0.846425,0.709684,0.615557,185.505061
tgtA,0.750000,0.862636,0.847918,0.711739,0.617576,184.360423
tgtA,0.800000,0.861851,0.849648,0.714064,0.619864,182.929578
tgtA,0.850000,0.860751,0.851651,0.716858,0.622762,181.003600
tgtA,0.900000,0.859043,0.854386,0.721250,0.627250,177.785836
tgtA,0.925000,0.857528,0.856302,0.724444,0.630745,175.232976
tgtA,0.950000,0.854633,0.859126,0.729505,0.636206,171.238524
tgtA,0.970000,0.849430,0.862492,0.736632,0.644277,165.821347
tgtA,0.980000,0.843673,0.864732,0.742565,0.651309,161.350690
tgtA,0.990000,0.830290,0.867048,0.753098,0.664975,153.266774
tgtA,0.995000,0.812193,0.865536,0.761841,0.678857,144.915824
tgtA,0.998000,0.782581,0.855579,0.768436,0.694534,133.688915
tgtA,0.999000,0.755726,0.841597,0.768038,0.703129,125.082538
tgtB,0.001000,0.854152,0.820646,0.676489,0.577614,222.694594
tgtB,0.002000,0.858634,0.838158,0.696349,0.596890,206.359317
tgtB,0.005000,0.858414,0.853388,0.715713,0.616265,191.502937
tgtB,0.010000,0.855419,0.860897,0.726637,0.627768,183.487132
tgtB,0.020000,0.851684,0.865891,0.735003,0.637016,177.325000
tgtB,0.030000,0.848982,0.868034,0.739198,0.641768,174.224370
tgtB,0.050000,0.845587,0.870104,0.743728,0.646896,170.869266
tgtB,0.075000,0.842998,0.871314,0.746786,0.650605,168.540727
tgtB,0.100000,0.841191,0.872130,0.748741,0.653044,167.027802
tgtB,0.150000,0.838456,0.872839,0.751251,0.656216,165.102110
tgtB,0.200000,0.836259,0.873168,0.753278,0.658638,163.757784
tgtB,0.250000,0.834645,0.873435,0.754629,0.660435,162.761561
tgtB,0.300000,0.833100,0.873617,0.755901,0.661902,161.904109
tgtB,0.350000,0.831792,0.873694,0.756979,0.663279,161.166195
tgtB,0.400000,0.830538,0.873793,0.757967,0.664565,160.498904
tgtB,0.450000,0.829297,0.873919,0.758966,0.665728,159.848847
tgtB,0.500000,0.828170,0.874037,0.759879,0.666945,159.221284
tgtB,0.550000,0.826965,0.874043,0.760565,0.667972,158.620880
tgtB,0.600000,0.825652,0.873980,0.761426,0.669162,157.990635
tgtB,0.650000,0.824178,0.873760,0.762138,0.670282,157.353995
tgtB,0.700000,0.822659,0.873698,0.763040,0.671615,156.656770
tgtB,0.750000,0.820951,0.873478,0.763919,0.672981,155.903134
tgtB,0.800000,0.819117,0.873190,0.764815,0.674609,155.028531
tgtB,0.850000,0.816594,0.872813,0.766066,0.676591,153.914673
tgtB,0.900000,0.813229,0.872139,0.767516,0.679095,152.263019
tgtB,0.925000,0.810579,0.871618,0.768597,0.680994,150.868123
tgtB,0.950000,0.806112,0.870288,0.769981,0.683917,148.351061
tgtB,0.970000,0.798961,0.867795,0.771746,0.688429,144.333494
tgtB,0.980000,0.791182,0.864515,0.773093,0.692747,140.720408
tgtB,0.990000,0.772705,0.855393,0.774035,0.700851,133.834565
tgtB,0.995000,0.747818,0.840328,0.772551,0.708268,126.272488
tgtB,0.998000,0.705423,0.809403,0.762068,0.714880,114.660552
tgtB,0.999000,0.662093,0.772064,0.741794,0.711617,103.624671
tgtC,0.001000,0.843610,0.787572,0.641076,0.543991,248.306250
tgtC,0.002000,0.856894,0.822606,0.677663,0.578175,219.435768
tgtC,0.005000,0.859195,0.849937,0.710259,0.610100,195.933994
tgtC,0.010000,0.855773,0.861103,0.726150,0.626736,184.156573
tgtC,0.020000,0.851168,0.867503,0.737133,0.638823,175.584356
tgtC,0.030000,0.848594,0.869827,0.741644,0.643999,171.801972
tgtC,0.050000,0.845395,0.871783,0.745991,0.649211,168.107587
tgtC,0.075000,0.843037,0.872808,0.748571,0.652452,165.909382
tgtC,0.100000,0.841533,0.873229,0.750138,0.654424,164.637379
tgtC,0.150000,0.839404,0.873988,0.752320,0.657067,163.077990
tgtC,0.200000,0.837733,0.874234,0.753689,0.658884,162.054597
tgtC,0.250000,0.836460,0.874533,0.754753,0.660230,161.263722
tgtC,0.300000,0.835229,0.874689,0.755642,0.661503,160.594888
tgtC,0.350000,0.834219,0.874815,0.756500,0.662616,160.010007
tgtC,0.400000,0.833301,0.874936,0.757255,0.663683,159.465309
tgtC,0.450000,0.832310,0.875035,0.757995,0.664570,158.942005
tgtC,0.500000,0.831355,0.875124,0.758597,0.665413,158.441020
tgtC,0.550000,0.830403,0.875141,0.759251,0.666369,157.935418
tgtC,0.600000,0.829373,0.875187,0.759982,0.667361,157.420910
tgtC,0.650000,0.828319,0.875201,0.760698,0.668336,156.869399
tgtC,0.700000,0.827024,0.875074,0.761400,0.669348,156.271391
tgtC,0.750000,0.825754,0.874988,0.762178,0.670467,155.610781
tgtC,0.800000,0.824040,0.874980,0.763198,0.671874,154.786208
tgtC,0.850000,0.822078,0.874736,0.764058,0.673516,153.705078
tgtC,0.900000,0.819019,0.874227,0.765619,0.676042,151.848554
tgtC,0.925000,0.816403,0.873607,0.766558,0.678011,150.085675
tgtC,0.950000,0.811401,0.872074,0.768061,0.681316,146.422391
tgtC,0.970000,0.799488,0.866220,0.768529,0.686059,138.337234
tgtC,0.980000,0.780700,0.854879,0.765508,0.689909,128.028861
tgtC,0.990000,0.723754,0.810676,0.742586,0.687389,103.987215
tgtC,0.995000,0.635579,0.731008,0.687418,0.658156,77.796126
tgtC,0.998000,0.405608,0.486400,0.478530,0.494928,38.700290
tgtC,0.999000,0.113812,0.138325,0.149745,0.158986,9.500934
tgtD,0.001000,0.827615,0.747071,0.603248,0.513611,271.357529
tgtD,0.002000,0.850038,0.790089,0.643671,0.548775,242.127223
tgtD,0.005000,0.861084,0.831394,0.687464,0.589036,212.925653
tgtD,0.010000,0.860091,0.850892,0.712338,0.613335,196.374147
tgtD,0.020000,0.855985,0.863406,0.730314,0.632139,183.570286
tgtD,0.030000,0.852698,0.867678,0.737871,0.640565,177.660428
tgtD,0.050000,0.848297,0.870906,0.744944,0.648897,171.551100
tgtD,0.075000,0.845018,0.872435,0.749068,0.654019,167.817207
tgtD,0.100000,0.842987,0.873072,0.751381,0.656687,165.745206
tgtD,0.150000,0.840300,0.873681,0.753923,0.660012,163.332954
tgtD,0.200000,0.838335,0.873957,0.755511,0.662195,161.850895
tgtD,0.250000,0.836833,0.874169,0.756652,0.663722,160.792657
tgtD,0.300000,0.835660,0.874315,0.757608,0.664963,159.949393
tgtD,0.350000,0.834534,0.874410,0.758447,0.666068,159.208245
tgtD,0.400000,0.833426,0.874535,0.759184,0.667013,158.543637
tgtD,0.450000,0.832447,0.874572,0.759830,0.667906,157.940649
tgtD,0.500000,0.831406,0.874606,0.760438,0.668764,157.336962
tgtD,0.550000,0.830287,0.874540,0.761065,0.669680,156.724842
tgtD,0.600000,0.829176,0.874529,0.761704,0.670630,156.078106
tgtD,0.650000,0.827967,0.874519,0.762396,0.671531,155.386596
tgtD,0.700000,0.826775,0.874428,0.763018,0.672610,154.593025
tgtD,0.750000,0.825305,0.874299,0.763788,0.673759,153.617242
tgtD,0.800000,0.823483,0.874059,0.764713,0.675204,152.311335
tgtD,0.850000,0.820919,0.873483,0.765731,0.677065,150.376901
tgtD,0.900000,0.816345,0.872236,0.766971,0.679781,146.858563
tgtD,0.925000,0.811803,0.870424,0.767635,0.681776,143.543829
tgtD,0.950000,0.802240,0.865321,0.767236,0.684489,137.183944
tgtD,0.970000,0.782664,0.853326,0.763603,0.687361,126.190510
tgtD,0.980000,0.758434,0.836768,0.756679,0.688420,115.530868
tgtD,0.990000,0.697191,0.790022,0.732015,0.682498,95.718389
tgtD,0.995000,0.608728,0.709441,0.678073,0.657254,75.511930
tgtD,0.998000,0.374251,0.446546,0.461153,0.495749,42.898893
tgtD,0.999000,0.100019,0.116770,0.133171,0.168134,14.267621
